{
	"info": {
		"_postman_id": "1a6b43a0-04d9-4b62-b708-cdad510c060b",
		"name": "BaAL",
		"schema": "https://schema.getpostman.com/json/collection/v2.1.0/collection.json"
	},
	"item": [
		{
			"name": "get States",
			"protocolProfileBehavior": {
				"disableBodyPruning": true
			},
			"request": {
				"method": "GET",
				"header": [],
				"body": {
					"mode": "raw",
					"raw": "{\r\n    \"email\":\"prachitanayaktks@gmail.com\"\r\n}",
					"options": {
						"raw": {
							"language": "json"
						}
					}
				},
				"url": {
					"raw": "{{API_URL}}/states",
					"host": [
						"{{API_URL}}"
					],
					"path": [
						"states"
					]
				}
			},
			"response": []
		},
		{
			"name": "get Cities",
			"request": {
				"method": "GET",
				"header": [],
				"url": {
					"raw": "http://localhost:3001/cities/1",
					"protocol": "http",
					"host": [
						"localhost"
					],
					"port": "3001",
					"path": [
						"cities",
						"1"
					]
				}
			},
			"response": []
		},
		{
			"name": "get Banks",
			"request": {
				"method": "GET",
				"header": [],
				"url": {
					"raw": "http://localhost:3001/banks",
					"protocol": "http",
					"host": [
						"localhost"
					],
					"port": "3001",
					"path": [
						"banks"
					]
				}
			},
			"response": []
		}
	]
}