{
	"info": {
		"_postman_id": "9fc54141-69b9-4eae-866a-eecfe34e5bab",
		"name": "BaAL-API",
		"schema": "https://schema.getpostman.com/json/collection/v2.1.0/collection.json"
	},
	"item": [
		{
			"name": "get States",
			"protocolProfileBehavior": {
				"disableBodyPruning": true
			},
			"request": {
				"method": "GET",
				"header": [],
				"body": {
					"mode": "raw",
					"raw": "{\r\n    \"email\":\"prachitanayaktks@gmail.com\"\r\n}",
					"options": {
						"raw": {
							"language": "json"
						}
					}
				},
				"url": {
					"raw": "{{API_URL}}/states",
					"host": [
						"{{API_URL}}"
					],
					"path": [
						"states"
					]
				}
			},
			"response": []
		},
		{
			"name": "get Cities",
			"protocolProfileBehavior": {
				"disableBodyPruning": true
			},
			"request": {
				"auth": {
					"type": "bearer",
					"bearer": [
						{
							"key": "token",
							"value": "eyJhbGciOiJIUzI1NiJ9.MTcyMTg0MzktMGRjNi00M2VmLTlkZGUtMTYzYWIyNzAwZmE0.aaDYSgAz7rd80rKRpDgPNpSOg4wyEO0eQzDpYI6Gz_g",
							"type": "string"
						}
					]
				},
				"method": "GET",
				"header": [],
				"body": {
					"mode": "raw",
					"raw": "{\"currentStatus\":[{\"tyreSettingsInternalId\":\"2505\",\"lastAvailRecordTS\":\"2021-05-03 21:47:56\"},{\"tyreSettingsInternalId\":\"2506\",\"lastAvailRecordTS\":\"2021-05-03 21:31:20\"},{\"tyreSettingsInternalId\":\"2507\",\"lastAvailRecordTS\":\"2021-05-03 22:13:00\"},{\"tyreSettingsInternalId\":\"2508\",\"lastAvailRecordTS\":\"2021-05-03 23:30:52\"},{\"tyreSettingsInternalId\":\"2509\",\"lastAvailRecordTS\":\"2021-05-03 23:54:13\"},{\"tyreSettingsInternalId\":\"2510\",\"lastAvailRecordTS\":\"2021-05-03 23:34:55\"},{\"tyreSettingsInternalId\":\"2698\",\"lastAvailRecordTS\":\"2021-04-30 14:17:09\"}],\"currentTime\":\"2021-05-04T12:49:13.162Z\"}",
					"options": {
						"raw": {
							"language": "json"
						}
					}
				},
				"url": {
					"raw": "{{API_URL}}/cities/1",
					"host": [
						"{{API_URL}}"
					],
					"path": [
						"cities",
						"1"
					]
				}
			},
			"response": []
		},
		{
			"name": "get Banks",
			"request": {
				"method": "GET",
				"header": [],
				"url": {
					"raw": "http://localhost:3001/banks",
					"protocol": "http",
					"host": [
						"localhost"
					],
					"port": "3001",
					"path": [
						"banks"
					]
				}
			},
			"response": []
		},
		{
			"name": "{{API_URL}}/search",
			"request": {
				"auth": {
					"type": "bearer",
					"bearer": [
						{
							"key": "token",
							"value": "eyJhbGciOiJIUzI1NiJ9.MTcyMTg0MzktMGRjNi00M2VmLTlkZGUtMTYzYWIyNzAwZmE0.aaDYSgAz7rd80rKRpDgPNpSOg4wyEO0eQzDpYI6Gz_g",
							"type": "string"
						}
					]
				},
				"method": "POST",
				"header": [],
				"body": {
					"mode": "raw",
					"raw": "{\r\n    \"state\": [],\r\n    \"city\": [],\r\n    \"bank\": [],\r\n    \"keyword\": [\r\n        \"narayanapuram\"\r\n    ]\r\n}",
					"options": {
						"raw": {
							"language": "json"
						}
					}
				},
				"url": {
					"raw": "{{API_URL}}/search",
					"host": [
						"{{API_URL}}"
					],
					"path": [
						"search"
					]
				}
			},
			"response": []
		}
	]
}